riesgo_seguro,perdidas_normalizadas,marca,tipo_combustible,aspiracion,numero_puertas,estilo_carroceria,traccion,ubicacion_motor,distancia_ejes,largo,ancho,alto,peso_vacio,tipo_motor,numero_cilindros,tamano_motor,sistema_combustible,diametro_cilindro,carrera_piston,relacion_compresion,caballos_fuerza,rpm_maximas,consumo_ciudad_mpg,consumo_autopista_mpg,precio,largo_norm,ancho_norm,alto_norm,caballos_fuerza_std,consumo_ciudad_L100km,consumo_autopista_L100km,caballos_fuerza_binned,precio_segmento,rango_precio_Bajo,rango_precio_Medio,rango_precio_Alto,tipo_diesel,tipo_nafta,carroceria_convertible,carroceria_hardtop,carroceria_hatchback,carroceria_sedan,carroceria_wagon,traccion_4wd,traccion_fwd,traccion_rwd,motor_ubicacion_front,motor_ubicacion_rear,prediccion_final
3,122.0,alfa-romero,gas,std,2.0,convertible,rwd,front,88.6,168.8,64.1,48.8,2548,dohc,4,130,mpfi,3.47,2.68,9.0,111,5000.0,21,27,13495.0,0.8111484863046613,0.8902777777777777,0.8160535117056856,0.20331547690261095,11.19047619047619,8.703703703703704,Bajo,Bajo,True,False,False,False,True,True,False,False,False,False,False,False,True,True,False,14342.968941485411
3,122.0,alfa-romero,gas,std,2.0,convertible,rwd,front,88.6,168.8,64.1,48.8,2548,dohc,4,130,mpfi,3.47,2.68,9.0,111,5000.0,21,27,16500.0,0.8111484863046613,0.8902777777777777,0.8160535117056856,0.20331547690261095,11.19047619047619,8.703703703703704,Bajo,Bajo,True,False,False,False,True,True,False,False,False,False,False,False,True,True,False,14342.968941485411
1,122.0,alfa-romero,gas,std,2.0,hatchback,rwd,front,94.5,171.2,65.5,52.4,2823,ohcv,6,152,mpfi,2.68,3.47,9.0,154,5000.0,19,26,16500.0,0.8226814031715521,0.9097222222222222,0.8762541806020067,1.354105042632321,12.368421052631579,9.038461538461538,Medio,Bajo,True,False,False,False,True,False,False,True,False,False,False,False,True,True,False,18731.800604260356
2,164.0,audi,gas,std,4.0,sedan,fwd,front,99.8,176.6,66.2,54.3,2337,ohc,4,109,mpfi,3.19,3.4,10.0,102,5500.0,24,30,13950.0,0.8486304661220567,0.9194444444444445,0.9080267558528428,-0.03754745545942139,9.791666666666666,7.833333333333333,Bajo,Bajo,True,False,False,False,True,False,False,False,True,False,False,True,False,True,False,10727.156105209386
2,164.0,audi,gas,std,4.0,sedan,4wd,front,99.4,176.6,66.4,54.3,2824,ohc,5,136,mpfi,3.19,3.4,8.0,115,5500.0,18,22,17450.0,0.8486304661220567,0.9222222222222223,0.9080267558528428,0.3103656690635142,13.055555555555555,10.681818181818182,Bajo,Bajo,True,False,False,False,True,False,False,False,True,False,True,False,False,True,False,16981.982438013994
2,122.0,audi,gas,std,2.0,sedan,fwd,front,99.8,177.3,66.3,53.1,2507,ohc,5,136,mpfi,3.19,3.4,8.5,110,5500.0,19,25,15250.0,0.8519942335415667,0.9208333333333333,0.8879598662207359,0.17655292886238513,12.368421052631579,9.4,Bajo,Bajo,True,False,False,False,True,False,False,False,True,False,False,True,False,True,False,15440.777551431664
1,158.0,audi,gas,std,4.0,sedan,fwd,front,105.8,192.7,71.4,55.7,2844,ohc,5,136,mpfi,3.19,3.4,8.5,110,5500.0,19,25,17710.0,0.9259971167707832,0.9916666666666667,0.931438127090301,0.17655292886238513,12.368421052631579,9.4,Bajo,Bajo,True,False,False,False,True,False,False,False,True,False,False,True,False,True,False,16551.818377395703
1,122.0,audi,gas,std,4.0,wagon,fwd,front,105.8,192.7,71.4,55.7,2954,ohc,5,136,mpfi,3.19,3.4,8.5,110,5500.0,19,25,18920.0,0.9259971167707832,0.9916666666666667,0.931438127090301,0.17655292886238513,12.368421052631579,9.4,Bajo,Medio,False,True,False,False,True,False,False,False,False,True,False,True,False,True,False,16914.472652932924
1,158.0,audi,gas,turbo,4.0,sedan,fwd,front,105.8,192.7,71.4,55.9,3086,ohc,5,131,mpfi,3.13,3.4,8.3,140,5500.0,17,20,23875.0,0.9259971167707832,0.9916666666666667,0.9347826086956522,0.9794293700691595,13.823529411764707,11.75,Medio,Medio,False,True,False,False,True,False,False,False,True,False,False,True,False,True,False,18283.635654301008
2,192.0,bmw,gas,std,2.0,sedan,rwd,front,101.2,176.8,64.8,54.3,2395,ohc,4,108,mpfi,3.5,2.8,8.8,101,5800.0,23,29,16430.0,0.849591542527631,0.8999999999999999,0.9080267558528428,-0.0643100034996472,10.217391304347826,8.10344827586207,Bajo,Bajo,True,False,False,False,True,False,False,False,True,False,False,False,True,True,False,11061.335662061596
0,192.0,bmw,gas,std,4.0,sedan,rwd,front,101.2,176.8,64.8,54.3,2395,ohc,4,108,mpfi,3.5,2.8,8.8,101,5800.0,23,29,16925.0,0.849591542527631,0.8999999999999999,0.9080267558528428,-0.0643100034996472,10.217391304347826,8.10344827586207,Bajo,Bajo,True,False,False,False,True,False,False,False,True,False,False,False,True,True,False,11061.335662061596
0,188.0,bmw,gas,std,2.0,sedan,rwd,front,101.2,176.8,64.8,54.3,2710,ohc,6,164,mpfi,3.31,3.19,9.0,121,4250.0,21,28,20970.0,0.849591542527631,0.8999999999999999,0.9080267558528428,0.47094095730486907,11.19047619047619,8.392857142857142,Medio,Medio,False,True,False,False,True,False,False,False,True,False,False,False,True,True,False,18180.387702519885
0,188.0,bmw,gas,std,4.0,sedan,rwd,front,101.2,176.8,64.8,54.3,2765,ohc,6,164,mpfi,3.31,3.19,9.0,121,4250.0,21,28,21105.0,0.849591542527631,0.8999999999999999,0.9080267558528428,0.47094095730486907,11.19047619047619,8.392857142857142,Medio,Medio,False,True,False,False,True,False,False,False,True,False,False,False,True,True,False,18361.714840288496
1,122.0,bmw,gas,std,4.0,sedan,rwd,front,103.5,189.0,66.9,55.7,3055,ohc,6,164,mpfi,3.31,3.19,9.0,121,4250.0,20,25,24565.0,0.9082172032676598,0.9291666666666667,0.931438127090301,0.47094095730486907,11.75,9.4,Medio,Medio,False,True,False,False,True,False,False,False,True,False,False,False,True,True,False,19649.789792037514
0,122.0,bmw,gas,std,4.0,sedan,rwd,front,103.5,189.0,66.9,55.7,3230,ohc,6,209,mpfi,3.62,3.39,8.0,182,5400.0,16,22,30760.0,0.9082172032676598,0.9291666666666667,0.931438127090301,2.103456387758644,14.6875,10.681818181818182,Medio,Medio,False,True,False,False,True,False,False,False,True,False,False,False,True,True,False,27186.186661763237
0,122.0,bmw,gas,std,2.0,sedan,rwd,front,103.5,193.8,67.9,53.7,3380,ohc,6,209,mpfi,3.62,3.39,8.0,182,5400.0,16,22,41315.0,0.9312830370014417,0.9430555555555556,0.8979933110367894,2.103456387758644,14.6875,10.681818181818182,Medio,Alto,False,False,True,False,True,False,False,False,True,False,False,False,True,True,False,27680.715219313995
0,122.0,bmw,gas,std,4.0,sedan,rwd,front,110.0,197.0,70.9,56.3,3505,ohc,6,209,mpfi,3.62,3.39,8.0,182,5400.0,15,20,36880.0,0.9466602594906295,0.9847222222222223,0.9414715719063546,2.103456387758644,15.666666666666666,11.75,Medio,Alto,False,False,True,False,True,False,False,False,True,False,False,False,True,True,False,28673.798563120345
2,121.0,chevrolet,gas,std,2.0,hatchback,fwd,front,88.4,141.1,60.3,53.2,1488,l,3,61,2bbl,2.91,3.03,9.5,48,5100.0,47,53,5151.0,0.6780394041326285,0.8374999999999999,0.8896321070234114,-1.4827250496316153,5.0,4.433962264150943,Bajo,Bajo,True,False,False,False,True,False,False,True,False,False,False,True,False,True,False,-283.5811847169316
1,98.0,chevrolet,gas,std,2.0,hatchback,fwd,front,94.5,155.9,63.6,52.0,1874,ohc,4,90,2bbl,3.03,3.11,9.6,70,5400.0,38,43,6295.0,0.7491590581451226,0.8833333333333333,0.8695652173913044,-0.8939489927466474,6.184210526315789,5.465116279069767,Bajo,Bajo,True,False,False,False,True,False,False,True,False,False,False,True,False,True,False,4747.342661350525
0,81.0,chevrolet,gas,std,4.0,sedan,fwd,front,94.5,158.8,63.6,52.0,1909,ohc,4,90,2bbl,3.03,3.11,9.6,70,5400.0,38,43,6575.0,0.7630946660259491,0.8833333333333333,0.8695652173913044,-0.8939489927466474,6.184210526315789,5.465116279069767,Bajo,Bajo,True,False,False,False,True,False,False,False,True,False,False,True,False,True,False,4862.732658112371
1,118.0,dodge,gas,std,2.0,hatchback,fwd,front,93.7,157.3,63.8,50.8,1876,ohc,4,90,2bbl,2.97,3.23,9.41,68,5500.0,37,41,5572.0,0.7558865929841423,0.8861111111111111,0.8494983277591973,-0.947474088827099,6.351351351351352,5.7317073170731705,Bajo,Bajo,True,False,False,False,True,False,False,True,False,False,False,True,False,True,False,4817.747840895718
1,118.0,dodge,gas,std,2.0,hatchback,fwd,front,93.7,157.3,63.8,50.8,1876,ohc,4,90,2bbl,2.97,3.23,9.4,68,5500.0,31,38,6377.0,0.7558865929841423,0.8861111111111111,0.8494983277591973,-0.947474088827099,7.580645161290323,6.184210526315789,Bajo,Bajo,True,False,False,False,True,False,False,True,False,False,False,True,False,True,False,5547.133844400723
1,118.0,dodge,gas,turbo,2.0,hatchback,fwd,front,93.7,157.3,63.8,50.8,2128,ohc,4,98,mpfi,3.03,3.39,7.6,102,5500.0,24,30,7957.0,0.7558865929841423,0.8861111111111111,0.8494983277591973,-0.03754745545942139,9.791666666666666,7.833333333333333,Bajo,Bajo,True,False,False,False,True,False,False,True,False,False,False,True,False,True,False,9026.588334984805
1,148.0,dodge,gas,std,4.0,hatchback,fwd,front,93.7,157.3,63.8,50.6,1967,ohc,4,90,2bbl,2.97,3.23,9.4,68,5500.0,31,38,6229.0,0.7558865929841423,0.8861111111111111,0.8461538461538463,-0.947474088827099,7.580645161290323,6.184210526315789,Bajo,Bajo,True,False,False,False,True,False,False,True,False,False,False,True,False,True,False,5847.1478359815155
1,148.0,dodge,gas,std,4.0,sedan,fwd,front,93.7,157.3,63.8,50.6,1989,ohc,4,90,2bbl,2.97,3.23,9.4,68,5500.0,31,38,6692.0,0.7558865929841423,0.8861111111111111,0.8461538461538463,-0.947474088827099,7.580645161290323,6.184210526315789,Bajo,Bajo,True,False,False,False,True,False,False,False,True,False,False,True,False,True,False,5919.6786910889605
1,148.0,dodge,gas,std,4.0,sedan,fwd,front,93.7,157.3,63.8,50.6,1989,ohc,4,90,2bbl,2.97,3.23,9.4,68,5500.0,31,38,7609.0,0.7558865929841423,0.8861111111111111,0.8461538461538463,-0.947474088827099,7.580645161290323,6.184210526315789,Bajo,Bajo,True,False,False,False,True,False,False,False,True,False,False,True,False,True,False,5919.6786910889605
1,148.0,dodge,gas,turbo,3.135678391959799,sedan,fwd,front,93.7,157.3,63.8,50.6,2191,ohc,4,98,mpfi,3.03,3.39,7.6,102,5500.0,24,30,8558.0,0.7558865929841423,0.8861111111111111,0.8461538461538463,-0.03754745545942139,9.791666666666666,7.833333333333333,Bajo,Bajo,True,False,False,False,True,False,False,False,True,False,False,True,False,True,False,9234.29032915612
-1,110.0,dodge,gas,std,4.0,wagon,fwd,front,103.3,174.6,64.6,59.8,2535,ohc,4,122,2bbl,3.34,3.46,8.5,88,5000.0,24,30,8921.0,0.8390197020663143,0.8972222222222221,1.0,-0.41222312802258276,9.791666666666666,7.833333333333333,Bajo,Bajo,True,False,False,False,True,False,False,False,False,True,False,True,False,True,False,12327.855950222507
3,145.0,dodge,gas,turbo,2.0,hatchback,fwd,front,95.9,173.2,66.3,50.2,2811,ohc,4,156,mfi,3.6,3.9,7.0,145,5000.0,19,24,12964.0,0.8322921672272945,0.9208333333333333,0.8394648829431439,1.1132421102702885,12.368421052631579,9.791666666666666,Medio,Bajo,True,False,False,False,True,False,False,True,False,False,False,True,False,True,False,18900.947990478573
2,137.0,honda,gas,std,2.0,hatchback,fwd,front,86.6,144.6,63.9,50.8,1713,ohc,4,92,1bbl,2.91,3.41,9.6,58,4800.0,49,54,6479.0,0.6948582412301778,0.8875,0.8494983277591973,-1.2150995692293571,4.795918367346939,4.351851851851852,Bajo,Bajo,True,False,False,False,True,False,False,True,False,False,False,True,False,True,False,3364.579945250978
2,137.0,honda,gas,std,2.0,hatchback,fwd,front,86.6,144.6,63.9,50.8,1819,ohc,4,92,1bbl,2.91,3.41,9.2,76,6000.0,31,38,6855.0,0.6948582412301778,0.8875,0.8494983277591973,-0.7333737045052926,7.580645161290323,6.184210526315789,Bajo,Bajo,True,False,False,False,True,False,False,True,False,False,False,True,False,True,False,5684.564318822675
1,101.0,honda,gas,std,2.0,hatchback,fwd,front,93.7,150.0,64.0,52.6,1837,ohc,4,79,1bbl,2.91,3.07,10.1,60,5500.0,38,42,5399.0,0.7208073041806824,0.8888888888888888,0.8795986622073579,-1.1615744731489055,6.184210526315789,5.595238095238095,Bajo,Bajo,True,False,False,False,True,False,False,True,False,False,False,True,False,True,False,3437.037111080066
1,101.0,honda,gas,std,2.0,hatchback,fwd,front,93.7,150.0,64.0,52.6,1940,ohc,4,92,1bbl,2.91,3.41,9.2,76,6000.0,30,34,6529.0,0.7208073041806824,0.8888888888888888,0.8795986622073579,-0.7333737045052926,7.833333333333333,6.911764705882353,Bajo,Bajo,True,False,False,False,True,False,False,True,False,False,False,True,False,True,False,6233.413367078538
1,101.0,honda,gas,std,2.0,hatchback,fwd,front,93.7,150.0,64.0,52.6,1956,ohc,4,92,1bbl,2.91,3.41,9.2,76,6000.0,30,34,7129.0,0.7208073041806824,0.8888888888888888,0.8795986622073579,-0.7333737045052926,7.833333333333333,6.911764705882353,Bajo,Bajo,True,False,False,False,True,False,False,True,False,False,False,True,False,True,False,6286.163079883951
0,110.0,honda,gas,std,4.0,sedan,fwd,front,96.5,163.4,64.0,54.5,2010,ohc,4,92,1bbl,2.91,3.41,9.2,76,6000.0,30,34,7295.0,0.7851994233541567,0.8888888888888888,0.911371237458194,-0.7333737045052926,7.833333333333333,6.911764705882353,Bajo,Bajo,True,False,False,False,True,False,False,False,True,False,False,True,False,True,False,6464.193360602225
0,78.0,honda,gas,std,4.0,wagon,fwd,front,96.5,157.1,63.9,58.3,2024,ohc,4,92,1bbl,2.92,3.41,9.2,76,6000.0,30,34,7295.0,0.754925516578568,0.8875,0.9749163879598662,-0.7333737045052926,7.833333333333333,6.911764705882353,Bajo,Bajo,True,False,False,False,True,False,False,False,False,True,False,True,False,True,False,6510.349359306962
0,106.0,honda,gas,std,2.0,hatchback,fwd,front,96.5,167.5,65.2,53.3,2236,ohc,4,110,1bbl,3.15,3.58,9.0,86,5800.0,27,33,7895.0,0.8049014896684287,0.9055555555555556,0.8913043478260869,-0.4657482241030344,8.703703703703704,7.121212121212121,Bajo,Bajo,True,False,False,False,True,False,False,True,False,False,False,True,False,True,False,9557.725695847046
0,106.0,honda,gas,std,2.0,hatchback,fwd,front,96.5,167.5,65.2,53.3,2289,ohc,4,110,1bbl,3.15,3.58,9.0,86,5800.0,27,33,9095.0,0.8049014896684287,0.9055555555555556,0.8913043478260869,-0.4657482241030344,8.703703703703704,7.121212121212121,Bajo,Bajo,True,False,False,False,True,False,False,True,False,False,False,True,False,True,False,9732.45911951498
0,85.0,honda,gas,std,4.0,sedan,fwd,front,96.5,175.4,65.2,54.1,2304,ohc,4,110,1bbl,3.15,3.58,9.0,86,5800.0,27,33,8845.0,0.8428640076886112,0.9055555555555556,0.9046822742474917,-0.4657482241030344,8.703703703703704,7.121212121212121,Bajo,Bajo,True,False,False,False,True,False,False,False,True,False,False,True,False,True,False,9781.911975270057
0,85.0,honda,gas,std,4.0,sedan,fwd,front,96.5,175.4,62.5,54.1,2372,ohc,4,110,1bbl,3.15,3.58,9.0,86,5800.0,27,33,10295.0,0.8428640076886112,0.8680555555555556,0.9046822742474917,-0.4657482241030344,8.703703703703704,7.121212121212121,Bajo,Bajo,True,False,False,False,True,False,False,False,True,False,False,True,False,True,False,10006.098254693068
0,85.0,honda,gas,std,4.0,sedan,fwd,front,96.5,175.4,65.2,54.1,2465,ohc,4,110,mpfi,3.15,3.58,9.0,101,5800.0,24,28,12945.0,0.8428640076886112,0.9055555555555556,0.9046822742474917,-0.0643100034996472,9.791666666666666,8.392857142857142,Bajo,Bajo,True,False,False,False,True,False,False,False,True,False,False,True,False,True,False,11223.430874446276
1,107.0,honda,gas,std,2.0,sedan,fwd,front,96.5,169.1,66.0,51.0,2293,ohc,4,110,2bbl,3.15,3.58,9.1,100,5500.0,25,31,10345.0,0.8125901009130225,0.9166666666666666,0.8528428093645485,-0.09107255153987302,9.4,7.580645161290323,Bajo,Bajo,True,False,False,False,True,False,False,False,True,False,False,True,False,True,False,10406.301257512048
0,122.0,isuzu,gas,std,4.0,sedan,rwd,front,94.3,170.7,61.8,53.5,2337,ohc,4,111,2bbl,3.31,3.23,8.5,78,4800.0,24,29,6785.0,0.8202787121576165,0.8583333333333333,0.8946488294314382,-0.679848608424841,9.791666666666666,8.10344827586207,Bajo,Bajo,True,False,False,False,True,False,False,False,True,False,False,False,True,True,False,10486.756414847561
2,122.0,isuzu,gas,std,2.0,hatchback,rwd,front,96.0,172.6,65.2,51.4,2734,ohc,4,119,spfi,3.43,3.23,9.2,90,5000.0,24,29,11048.0,0.8294089380105718,0.9055555555555556,0.8595317725752508,-0.3586980319421312,9.791666666666666,8.10344827586207,Bajo,Bajo,True,False,False,False,True,False,False,True,False,False,False,False,True,True,False,12743.419583588697
0,145.0,jaguar,gas,std,4.0,sedan,rwd,front,113.0,199.6,69.6,52.8,4066,dohc,6,258,mpfi,3.63,4.17,8.1,176,4750.0,15,19,32250.0,0.9591542527630946,0.9666666666666666,0.882943143812709,1.942881099517289,15.666666666666666,12.368421052631579,Medio,Alto,False,False,True,False,True,False,False,False,True,False,False,False,True,True,False,34923.13956987311
0,122.0,jaguar,gas,std,4.0,sedan,rwd,front,113.0,199.6,69.6,52.8,4066,dohc,6,258,mpfi,3.63,4.17,8.1,176,4750.0,15,19,35550.0,0.9591542527630946,0.9666666666666666,0.882943143812709,1.942881099517289,15.666666666666666,12.368421052631579,Medio,Alto,False,False,True,False,True,False,False,False,True,False,False,False,True,True,False,34923.13956987311
0,122.0,jaguar,gas,std,2.0,sedan,rwd,front,102.0,191.7,70.6,47.8,3950,ohcv,12,326,mpfi,3.54,2.76,11.5,262,5000.0,13,17,36000.0,0.921191734742912,0.9805555555555555,0.7993311036789298,4.244460230976708,18.076923076923077,13.823529411764707,Alto,Alto,False,False,True,False,True,False,False,False,True,False,False,False,True,True,False,43744.31675398239
1,104.0,mazda,gas,std,2.0,hatchback,fwd,front,93.1,159.1,64.2,54.1,1890,ohc,4,91,2bbl,3.03,3.15,9.0,68,5000.0,30,31,5195.0,0.7645362806343105,0.8916666666666667,0.9046822742474917,-0.947474088827099,7.833333333333333,7.580645161290323,Bajo,Bajo,True,False,False,False,True,False,False,True,False,False,False,True,False,True,False,5835.175974334365
1,104.0,mazda,gas,std,2.0,hatchback,fwd,front,93.1,159.1,64.2,54.1,1900,ohc,4,91,2bbl,3.03,3.15,9.0,68,5000.0,31,38,6095.0,0.7645362806343105,0.8916666666666667,0.9046822742474917,-0.947474088827099,7.580645161290323,6.184210526315789,Bajo,Bajo,True,False,False,False,True,False,False,True,False,False,False,True,False,True,False,5718.215199672832
1,104.0,mazda,gas,std,2.0,hatchback,fwd,front,93.1,159.1,64.2,54.1,1905,ohc,4,91,2bbl,3.03,3.15,9.0,68,5000.0,31,38,6795.0,0.7645362806343105,0.8916666666666667,0.9046822742474917,-0.947474088827099,7.580645161290323,6.184210526315789,Bajo,Bajo,True,False,False,False,True,False,False,True,False,False,False,True,False,True,False,5734.699484924524
1,113.0,mazda,gas,std,4.0,sedan,fwd,front,93.1,166.8,64.2,54.1,1945,ohc,4,91,2bbl,3.03,3.15,9.0,68,5000.0,31,38,6695.0,0.8015377222489188,0.8916666666666667,0.9046822742474917,-0.947474088827099,7.580645161290323,6.184210526315789,Bajo,Bajo,True,False,False,False,True,False,False,False,True,False,False,True,False,True,False,5866.573766938058
1,113.0,mazda,gas,std,4.0,sedan,fwd,front,93.1,166.8,64.2,54.1,1950,ohc,4,91,2bbl,3.08,3.15,9.0,68,5000.0,31,38,7395.0,0.8015377222489188,0.8916666666666667,0.9046822742474917,-0.947474088827099,7.580645161290323,6.184210526315789,Bajo,Bajo,True,False,False,False,True,False,False,False,True,False,False,True,False,True,False,5883.05805218975
3,150.0,mazda,gas,std,2.0,hatchback,rwd,front,95.3,169.0,65.7,49.6,2380,rotor,2,70,4bbl,3.3297512437810943,3.255422885572139,9.4,101,6000.0,17,23,10945.0,0.8121095627102355,0.9125000000000001,0.8294314381270904,-0.0643100034996472,13.823529411764707,10.217391304347826,Bajo,Bajo,True,False,False,False,True,False,False,True,False,False,False,False,True,True,False,9657.18157531296
3,150.0,mazda,gas,std,2.0,hatchback,rwd,front,95.3,169.0,65.7,49.6,2380,rotor,2,70,4bbl,3.3297512437810943,3.255422885572139,9.4,101,6000.0,17,23,11845.0,0.8121095627102355,0.9125000000000001,0.8294314381270904,-0.0643100034996472,13.823529411764707,10.217391304347826,Bajo,Bajo,True,False,False,False,True,False,False,True,False,False,False,False,True,True,False,9657.18157531296
3,150.0,mazda,gas,std,2.0,hatchback,rwd,front,95.3,169.0,65.7,49.6,2385,rotor,2,70,4bbl,3.3297512437810943,3.255422885572139,9.4,101,6000.0,17,23,13645.0,0.8121095627102355,0.9125000000000001,0.8294314381270904,-0.0643100034996472,13.823529411764707,10.217391304347826,Bajo,Bajo,True,False,False,False,True,False,False,True,False,False,False,False,True,True,False,9673.665860564648
3,150.0,mazda,gas,std,2.0,hatchback,rwd,front,95.3,169.0,65.7,49.6,2500,rotor,2,80,mpfi,3.3297512437810943,3.255422885572139,9.4,135,6000.0,16,23,15645.0,0.8121095627102355,0.9125000000000001,0.8294314381270904,0.8456166298680304,14.6875,10.217391304347826,Medio,Bajo,True,False,False,False,True,False,False,True,False,False,False,False,True,True,False,12086.108807052664
1,129.0,mazda,gas,std,2.0,hatchback,fwd,front,98.8,177.8,66.5,53.7,2385,ohc,4,122,2bbl,3.39,3.39,8.6,84,4800.0,26,32,8845.0,0.8543969245555022,0.9236111111111112,0.8979933110367894,-0.519273320183486,9.038461538461538,7.34375,Bajo,Bajo,True,False,False,False,True,False,False,True,False,False,False,True,False,True,False,11315.703736733147
0,115.0,mazda,gas,std,4.0,sedan,fwd,front,98.8,177.8,66.5,55.5,2410,ohc,4,122,2bbl,3.39,3.39,8.6,84,4800.0,26,32,8495.0,0.8543969245555022,0.9236111111111112,0.9280936454849499,-0.519273320183486,9.038461538461538,7.34375,Bajo,Bajo,True,False,False,False,True,False,False,False,True,False,False,True,False,True,False,11398.125162991611
1,129.0,mazda,gas,std,2.0,hatchback,fwd,front,98.8,177.8,66.5,53.7,2385,ohc,4,122,2bbl,3.39,3.39,8.6,84,4800.0,26,32,10595.0,0.8543969245555022,0.9236111111111112,0.8979933110367894,-0.519273320183486,9.038461538461538,7.34375,Bajo,Bajo,True,False,False,False,True,False,False,True,False,False,False,True,False,True,False,11315.703736733147
0,115.0,mazda,gas,std,4.0,sedan,fwd,front,98.8,177.8,66.5,55.5,2410,ohc,4,122,2bbl,3.39,3.39,8.6,84,4800.0,26,32,10245.0,0.8543969245555022,0.9236111111111112,0.9280936454849499,-0.519273320183486,9.038461538461538,7.34375,Bajo,Bajo,True,False,False,False,True,False,False,False,True,False,False,True,False,True,False,11398.125162991611
0,122.0,mazda,diesel,std,3.135678391959799,sedan,fwd,front,98.8,177.8,66.5,55.5,2443,ohc,4,122,idi,3.39,3.39,22.7,64,4650.0,36,42,10795.0,0.8543969245555022,0.9236111111111112,0.9280936454849499,-1.0545242809880022,6.527777777777778,5.595238095238095,Bajo,Bajo,True,False,False,True,False,False,False,False,True,False,False,True,False,True,False,9663.644464054723
0,115.0,mazda,gas,std,4.0,hatchback,fwd,front,98.8,177.8,66.5,55.5,2425,ohc,4,122,2bbl,3.39,3.39,8.6,84,4800.0,26,32,11245.0,0.8543969245555022,0.9236111111111112,0.9280936454849499,-0.519273320183486,9.038461538461538,7.34375,Bajo,Bajo,True,False,False,False,True,False,False,True,False,False,False,True,False,True,False,11447.578018746684
0,118.0,mazda,gas,std,4.0,sedan,rwd,front,104.9,175.0,66.1,54.4,2670,ohc,4,140,mpfi,3.76,3.16,8.0,120,5000.0,19,27,18280.0,0.8409418548774628,0.9180555555555555,0.9096989966555185,0.44417840926464325,12.368421052631579,8.703703703703704,Medio,Bajo,True,False,False,False,True,False,False,False,True,False,False,False,True,True,False,16522.789587596857
0,122.0,mazda,diesel,std,4.0,sedan,rwd,front,104.9,175.0,66.1,54.4,2700,ohc,4,134,idi,3.43,3.64,22.0,72,4200.0,31,39,18344.0,0.8409418548774628,0.9180555555555555,0.9096989966555185,-0.8404238966661958,7.580645161290323,6.0256410256410255,Bajo,Bajo,True,False,False,True,False,False,False,False,True,False,False,False,True,True,False,12380.561517776623
-1,93.0,mercedes-benz,diesel,turbo,4.0,sedan,rwd,front,110.0,190.9,70.3,56.5,3515,ohc,5,183,idi,3.58,3.64,21.5,123,4350.0,22,25,25552.0,0.9173474291206152,0.9763888888888889,0.9448160535117057,0.5244660533853207,10.681818181818182,9.4,Medio,Medio,False,True,False,True,False,False,False,False,True,False,False,False,True,True,False,22315.090177116235
-1,93.0,mercedes-benz,diesel,turbo,4.0,wagon,rwd,front,110.0,190.9,70.3,58.7,3750,ohc,5,183,idi,3.58,3.64,21.5,123,4350.0,22,25,28248.0,0.9173474291206152,0.9763888888888889,0.9816053511705687,0.5244660533853207,10.681818181818182,9.4,Medio,Medio,False,True,False,True,False,False,False,False,False,True,False,False,True,True,False,23089.851583945758
0,93.0,mercedes-benz,diesel,turbo,2.0,hardtop,rwd,front,106.7,187.5,70.3,54.9,3495,ohc,5,183,idi,3.58,3.64,21.5,123,4350.0,22,25,28176.0,0.9010091302258529,0.9763888888888889,0.9180602006688964,0.5244660533853207,10.681818181818182,9.4,Medio,Medio,False,True,False,True,False,False,True,False,False,False,False,False,True,True,False,22249.153036109466
-1,93.0,mercedes-benz,diesel,turbo,4.0,sedan,rwd,front,115.6,202.6,71.7,56.3,3770,ohc,5,183,idi,3.58,3.64,21.5,123,4350.0,22,25,31600.0,0.9735703988467083,0.9958333333333333,0.9414715719063546,0.5244660533853207,10.681818181818182,9.4,Medio,Medio,False,True,False,True,False,False,False,False,True,False,False,False,True,True,False,23155.788724952527
-1,122.0,mercedes-benz,gas,std,4.0,sedan,rwd,front,115.6,202.6,71.7,56.5,3740,ohcv,8,234,mpfi,3.46,3.1,8.3,155,4750.0,16,18,34184.0,0.9735703988467083,0.9958333333333333,0.9448160535117057,1.3808675906725467,14.6875,13.055555555555555,Medio,Alto,False,False,True,False,True,False,False,False,True,False,False,False,True,True,False,30689.150988734476
3,142.0,mercedes-benz,gas,std,2.0,convertible,rwd,front,96.6,180.3,70.5,50.8,3685,ohcv,8,234,mpfi,3.46,3.1,8.3,155,4750.0,16,18,35056.0,0.8664103796251803,0.9791666666666666,0.8494983277591973,1.3808675906725467,14.6875,13.055555555555555,Medio,Alto,False,False,True,False,True,True,False,False,False,False,False,False,True,True,False,30507.82385096586
0,122.0,mercedes-benz,gas,std,4.0,sedan,rwd,front,120.9,208.1,71.7,56.7,3900,ohcv,8,308,mpfi,3.8,3.35,8.0,184,4500.0,14,16,40960.0,1.0,0.9958333333333333,0.948160535117057,2.1569814838390955,16.785714285714285,14.6875,Medio,Alto,False,False,True,False,True,False,False,False,True,False,False,False,True,True,False,39779.11117118134
1,122.0,mercedes-benz,gas,std,2.0,hardtop,rwd,front,112.0,199.2,72.0,55.4,3715,ohcv,8,304,mpfi,3.8,3.35,8.0,184,4500.0,14,16,45400.0,0.9572320999519461,1.0,0.9264214046822743,2.1569814838390955,16.785714285714285,14.6875,Medio,Alto,False,False,True,False,True,False,True,False,False,False,False,False,True,True,False,38801.3654726128
1,122.0,mercury,gas,turbo,2.0,hatchback,rwd,front,102.7,178.4,68.0,54.8,2910,ohc,4,140,mpfi,3.78,3.12,8.0,175,5000.0,19,24,16503.0,0.857280153772225,0.9444444444444444,0.9163879598662207,1.9161185514770631,12.368421052631579,9.791666666666666,Medio,Bajo,True,False,False,False,True,False,False,True,False,False,False,False,True,True,False,18286.419839550526
2,161.0,mitsubishi,gas,std,2.0,hatchback,fwd,front,93.7,157.3,64.4,50.8,1918,ohc,4,92,2bbl,2.97,3.23,9.4,68,5500.0,37,41,5389.0,0.7558865929841423,0.8944444444444445,0.8494983277591973,-0.947474088827099,6.351351351351352,5.7317073170731705,Bajo,Bajo,True,False,False,False,True,False,False,True,False,False,False,True,False,True,False,5140.129409137906
2,161.0,mitsubishi,gas,std,2.0,hatchback,fwd,front,93.7,157.3,64.4,50.8,1944,ohc,4,92,2bbl,2.97,3.23,9.4,68,5500.0,31,38,6189.0,0.7558865929841423,0.8944444444444445,0.8494983277591973,-0.947474088827099,7.580645161290323,6.184210526315789,Bajo,Bajo,True,False,False,False,True,False,False,True,False,False,False,True,False,True,False,5955.233695951705
2,161.0,mitsubishi,gas,std,2.0,hatchback,fwd,front,93.7,157.3,64.4,50.8,2004,ohc,4,92,2bbl,2.97,3.23,9.4,68,5500.0,31,38,6669.0,0.7558865929841423,0.8944444444444445,0.8494983277591973,-0.947474088827099,7.580645161290323,6.184210526315789,Bajo,Bajo,True,False,False,False,True,False,False,True,False,False,False,True,False,True,False,6153.045118972012
1,161.0,mitsubishi,gas,turbo,2.0,hatchback,fwd,front,93.0,157.3,63.8,50.8,2145,ohc,4,98,spdi,3.03,3.39,7.6,102,5500.0,24,30,7689.0,0.7558865929841423,0.8861111111111111,0.8494983277591973,-0.03754745545942139,9.791666666666666,7.833333333333333,Bajo,Bajo,True,False,False,False,True,False,False,True,False,False,False,True,False,True,False,9082.634904840557
3,153.0,mitsubishi,gas,turbo,2.0,hatchback,fwd,front,96.3,173.0,65.4,49.4,2370,ohc,4,110,spdi,3.17,3.46,7.5,116,5500.0,23,30,9959.0,0.8313310908217203,0.9083333333333334,0.8260869565217391,0.33712821710374,10.217391304347826,7.833333333333333,Bajo,Bajo,True,False,False,False,True,False,False,True,False,False,False,True,False,True,False,11428.023596987237
3,153.0,mitsubishi,gas,std,2.0,hatchback,fwd,front,96.3,173.0,65.4,49.4,2328,ohc,4,122,2bbl,3.35,3.46,8.5,88,5000.0,25,32,8499.0,0.8313310908217203,0.9083333333333334,0.8260869565217391,-0.41222312802258276,9.4,7.34375,Bajo,Bajo,True,False,False,False,True,False,False,True,False,False,False,True,False,True,False,11413.016055796837
3,122.0,mitsubishi,gas,turbo,2.0,hatchback,fwd,front,95.9,173.2,66.3,50.2,2833,ohc,4,156,spdi,3.58,3.86,7.0,145,5000.0,19,24,12629.0,0.8322921672272945,0.9208333333333333,0.8394648829431439,1.1132421102702885,12.368421052631579,9.791666666666666,Medio,Bajo,True,False,False,False,True,False,False,True,False,False,False,True,False,True,False,18973.478845586014
3,122.0,mitsubishi,gas,turbo,2.0,hatchback,fwd,front,95.9,173.2,66.3,50.2,2921,ohc,4,156,spdi,3.59,3.86,7.0,145,5000.0,19,24,14869.0,0.8322921672272945,0.9208333333333333,0.8394648829431439,1.1132421102702885,12.368421052631579,9.791666666666666,Medio,Bajo,True,False,False,False,True,False,False,True,False,False,False,True,False,True,False,19263.602266015794
3,122.0,mitsubishi,gas,turbo,2.0,hatchback,fwd,front,95.9,173.2,66.3,50.2,2926,ohc,4,156,spdi,3.59,3.86,7.0,145,5000.0,19,24,14489.0,0.8322921672272945,0.9208333333333333,0.8394648829431439,1.1132421102702885,12.368421052631579,9.791666666666666,Medio,Bajo,True,False,False,False,True,False,False,True,False,False,False,True,False,True,False,19280.086551267483
1,125.0,mitsubishi,gas,std,4.0,sedan,fwd,front,96.3,172.4,65.4,51.6,2365,ohc,4,122,2bbl,3.35,3.46,8.5,88,5000.0,25,32,6989.0,0.8284478616049976,0.9083333333333334,0.8628762541806021,-0.41222312802258276,9.4,7.34375,Bajo,Bajo,True,False,False,False,True,False,False,False,True,False,False,True,False,True,False,11534.999766659359
1,125.0,mitsubishi,gas,std,4.0,sedan,fwd,front,96.3,172.4,65.4,51.6,2405,ohc,4,122,2bbl,3.35,3.46,8.5,88,5000.0,25,32,8189.0,0.8284478616049976,0.9083333333333334,0.8628762541806021,-0.41222312802258276,9.4,7.34375,Bajo,Bajo,True,False,False,False,True,False,False,False,True,False,False,True,False,True,False,11666.874048672897
1,125.0,mitsubishi,gas,turbo,4.0,sedan,fwd,front,96.3,172.4,65.4,51.6,2403,ohc,4,110,spdi,3.17,3.46,7.5,116,5500.0,23,30,9279.0,0.8284478616049976,0.9083333333333334,0.8628762541806021,0.33712821710374,10.217391304347826,7.833333333333333,Bajo,Bajo,True,False,False,False,True,False,False,False,True,False,False,True,False,True,False,11536.819879648403
-1,137.0,mitsubishi,gas,std,4.0,sedan,fwd,front,96.3,172.4,65.4,51.6,2403,ohc,4,110,spdi,3.17,3.46,7.5,116,5500.0,23,30,9279.0,0.8284478616049976,0.9083333333333334,0.8628762541806021,0.33712821710374,10.217391304347826,7.833333333333333,Bajo,Bajo,True,False,False,False,True,False,False,False,True,False,False,True,False,True,False,11536.819879648403
1,128.0,nissan,gas,std,2.0,sedan,fwd,front,94.5,165.3,63.8,54.5,1889,ohc,4,97,2bbl,3.15,3.29,9.4,69,5200.0,31,37,5499.0,0.794329649207112,0.8861111111111111,0.911371237458194,-0.9207115407868732,7.580645161290323,6.351351351351352,Bajo,Bajo,True,False,False,False,True,False,False,False,True,False,False,True,False,True,False,6251.3702077734415
1,128.0,nissan,diesel,std,2.0,sedan,fwd,front,94.5,165.3,63.8,54.5,2017,ohc,4,103,idi,2.99,3.47,21.9,55,4800.0,45,50,7099.0,0.794329649207112,0.8861111111111111,0.911371237458194,-1.2953872133500346,5.222222222222222,4.7,Bajo,Bajo,True,False,False,True,False,False,False,False,True,False,False,True,False,True,False,5578.252001942397
1,128.0,nissan,gas,std,2.0,sedan,fwd,front,94.5,165.3,63.8,54.5,1918,ohc,4,97,2bbl,3.15,3.29,9.4,69,5200.0,31,37,6649.0,0.794329649207112,0.8861111111111111,0.911371237458194,-0.9207115407868732,7.580645161290323,6.351351351351352,Bajo,Bajo,True,False,False,False,True,False,False,False,True,False,False,True,False,True,False,6346.979062233255
1,122.0,nissan,gas,std,4.0,sedan,fwd,front,94.5,165.3,63.8,54.5,1938,ohc,4,97,2bbl,3.15,3.29,9.4,69,5200.0,31,37,6849.0,0.794329649207112,0.8861111111111111,0.911371237458194,-0.9207115407868732,7.580645161290323,6.351351351351352,Bajo,Bajo,True,False,False,False,True,False,False,False,True,False,False,True,False,True,False,6412.91620324002
1,103.0,nissan,gas,std,4.0,wagon,fwd,front,94.5,170.2,63.8,53.5,2024,ohc,4,97,2bbl,3.15,3.29,9.4,69,5200.0,31,37,7349.0,0.8178760211436809,0.8861111111111111,0.8946488294314382,-0.9207115407868732,7.580645161290323,6.351351351351352,Bajo,Bajo,True,False,False,False,True,False,False,False,False,True,False,True,False,True,False,6696.445909569124
1,128.0,nissan,gas,std,2.0,sedan,fwd,front,94.5,165.3,63.8,54.5,1951,ohc,4,97,2bbl,3.15,3.29,9.4,69,5200.0,31,37,7299.0,0.794329649207112,0.8861111111111111,0.911371237458194,-0.9207115407868732,7.580645161290323,6.351351351351352,Bajo,Bajo,True,False,False,False,True,False,False,False,True,False,False,True,False,True,False,6455.77534489442
1,128.0,nissan,gas,std,2.0,hatchback,fwd,front,94.5,165.6,63.8,53.3,2028,ohc,4,97,2bbl,3.15,3.29,9.4,69,5200.0,31,37,7799.0,0.7957712638154734,0.8861111111111111,0.8913043478260869,-0.9207115407868732,7.580645161290323,6.351351351351352,Bajo,Bajo,True,False,False,False,True,False,False,True,False,False,False,True,False,True,False,6709.633337770476
1,122.0,nissan,gas,std,4.0,sedan,fwd,front,94.5,165.3,63.8,54.5,1971,ohc,4,97,2bbl,3.15,3.29,9.4,69,5200.0,31,37,7499.0,0.794329649207112,0.8861111111111111,0.911371237458194,-0.9207115407868732,7.580645161290323,6.351351351351352,Bajo,Bajo,True,False,False,False,True,False,False,False,True,False,False,True,False,True,False,6521.712485901189
1,103.0,nissan,gas,std,4.0,wagon,fwd,front,94.5,170.2,63.8,53.5,2037,ohc,4,97,2bbl,3.15,3.29,9.4,69,5200.0,31,37,7999.0,0.8178760211436809,0.8861111111111111,0.8946488294314382,-0.9207115407868732,7.580645161290323,6.351351351351352,Bajo,Bajo,True,False,False,False,True,False,False,False,False,True,False,True,False,True,False,6739.30505122352
2,168.0,nissan,gas,std,2.0,hardtop,fwd,front,95.1,162.4,63.8,53.3,2008,ohc,4,97,2bbl,3.15,3.29,9.4,69,5200.0,31,37,8249.0,0.7803940413262855,0.8861111111111111,0.8913043478260869,-0.9207115407868732,7.580645161290323,6.351351351351352,Bajo,Bajo,True,False,False,False,True,False,True,False,False,False,False,True,False,True,False,6643.696196763707
0,106.0,nissan,gas,std,4.0,hatchback,fwd,front,97.2,173.4,65.2,54.7,2324,ohc,4,120,2bbl,3.33,3.47,8.5,97,5200.0,27,34,8949.0,0.8332532436328689,0.9055555555555556,0.9147157190635452,-0.17136019566055047,8.703703703703704,6.911764705882353,Bajo,Bajo,True,False,False,False,True,False,False,True,False,False,False,True,False,True,False,10961.89388889119
0,106.0,nissan,gas,std,4.0,sedan,fwd,front,97.2,173.4,65.2,54.7,2302,ohc,4,120,2bbl,3.33,3.47,8.5,97,5200.0,27,34,9549.0,0.8332532436328689,0.9055555555555556,0.9147157190635452,-0.17136019566055047,8.703703703703704,6.911764705882353,Bajo,Bajo,True,False,False,False,True,False,False,False,True,False,False,True,False,True,False,10889.36303378375
0,128.0,nissan,gas,std,4.0,sedan,fwd,front,100.4,181.7,66.5,55.1,3095,ohcv,6,181,mpfi,3.43,3.27,9.0,152,5200.0,17,22,13499.0,0.8731379144641999,0.9236111111111112,0.9214046822742475,1.3005799465518693,13.823529411764707,10.681818181818182,Medio,Bajo,True,False,False,False,True,False,False,False,True,False,False,True,False,True,False,23123.303302198317
0,108.0,nissan,gas,std,4.0,wagon,fwd,front,100.4,184.6,66.5,56.1,3296,ohcv,6,181,mpfi,3.43,3.27,9.0,152,5200.0,17,22,14399.0,0.8870735223450265,0.9236111111111112,0.9381270903010034,1.3005799465518693,13.823529411764707,10.681818181818182,Medio,Bajo,True,False,False,False,True,False,False,False,False,True,False,True,False,True,False,23785.971569316334
0,108.0,nissan,gas,std,4.0,sedan,fwd,front,100.4,184.6,66.5,55.1,3060,ohcv,6,181,mpfi,3.43,3.27,9.0,152,5200.0,19,25,13499.0,0.8870735223450265,0.9236111111111112,0.9214046822742475,1.3005799465518693,12.368421052631579,9.4,Medio,Bajo,True,False,False,False,True,False,False,False,True,False,False,True,False,True,False,22144.543082505374
3,194.0,nissan,gas,std,2.0,hatchback,rwd,front,91.3,170.7,67.9,49.7,3071,ohcv,6,181,mpfi,3.43,3.27,9.0,160,5200.0,19,25,17199.0,0.8202787121576165,0.9430555555555556,0.831103678929766,1.5146803308736758,12.368421052631579,9.4,Medio,Bajo,True,False,False,False,True,False,False,True,False,False,False,False,True,True,False,22322.246264222358
3,194.0,nissan,gas,turbo,2.0,hatchback,rwd,front,91.3,170.7,67.9,49.7,3139,ohcv,6,181,mpfi,3.43,3.27,7.8,200,5200.0,17,23,19699.0,0.8202787121576165,0.9430555555555556,0.831103678929766,2.5851822524827086,13.823529411764707,10.217391304347826,Alto,Medio,False,True,False,False,True,False,False,True,False,False,False,False,True,True,False,24116.991537392805
1,231.0,nissan,gas,std,2.0,hatchback,rwd,front,99.2,178.5,67.9,49.7,3139,ohcv,6,181,mpfi,3.43,3.27,9.0,160,5200.0,19,25,18399.0,0.857760691975012,0.9430555555555556,0.831103678929766,1.5146803308736758,12.368421052631579,9.4,Medio,Bajo,True,False,False,False,True,False,False,True,False,False,False,False,True,True,False,22546.43254364537
0,161.0,peugot,gas,std,4.0,sedan,rwd,front,107.9,186.7,68.4,56.7,3020,l,4,120,mpfi,3.46,3.19,8.4,97,5000.0,19,24,11900.0,0.897164824603556,0.9500000000000001,0.948160535117057,-0.17136019566055047,12.368421052631579,9.791666666666666,Bajo,Bajo,True,False,False,False,True,False,False,False,True,False,False,False,True,True,False,15430.920290716156
0,161.0,peugot,diesel,turbo,4.0,sedan,rwd,front,107.9,186.7,68.4,56.7,3197,l,4,152,idi,3.7,3.52,21.0,95,4150.0,28,33,13200.0,0.897164824603556,0.9500000000000001,0.948160535117057,-0.22488529174100208,8.392857142857142,7.121212121212121,Bajo,Bajo,True,False,False,True,False,False,False,False,True,False,False,False,True,True,False,16562.870916481774
0,122.0,peugot,gas,std,4.0,wagon,rwd,front,114.2,198.9,68.4,58.7,3230,l,4,120,mpfi,3.46,3.19,8.4,97,5000.0,19,24,12440.0,0.9557904853435849,0.9500000000000001,0.9816053511705687,-0.17136019566055047,12.368421052631579,9.791666666666666,Bajo,Bajo,True,False,False,False,True,False,False,False,False,True,False,False,True,True,False,16123.260271287214
0,122.0,peugot,diesel,turbo,4.0,wagon,rwd,front,114.2,198.9,68.4,58.7,3430,l,4,152,idi,3.7,3.52,21.0,95,4150.0,25,25,13860.0,0.9557904853435849,0.9500000000000001,0.9816053511705687,-0.22488529174100208,9.4,9.4,Bajo,Bajo,True,False,False,True,False,False,False,False,False,True,False,False,True,True,False,17928.614142082217
0,161.0,peugot,gas,std,4.0,sedan,rwd,front,107.9,186.7,68.4,56.7,3075,l,4,120,mpfi,3.46,2.19,8.4,95,5000.0,19,24,15580.0,0.897164824603556,0.9500000000000001,0.948160535117057,-0.22488529174100208,12.368421052631579,9.791666666666666,Bajo,Bajo,True,False,False,False,True,False,False,False,True,False,False,False,True,True,False,15576.887989943945
0,161.0,peugot,diesel,turbo,4.0,sedan,rwd,front,107.9,186.7,68.4,56.7,3252,l,4,152,idi,3.7,3.52,21.0,95,4150.0,28,33,16900.0,0.897164824603556,0.9500000000000001,0.948160535117057,-0.22488529174100208,8.392857142857142,7.121212121212121,Bajo,Bajo,True,False,False,True,False,False,False,False,True,False,False,False,True,True,False,16744.198054250384
0,122.0,peugot,gas,std,4.0,wagon,rwd,front,114.2,198.9,68.4,56.7,3285,l,4,120,mpfi,3.46,2.19,8.4,95,5000.0,19,24,16695.0,0.9557904853435849,0.9500000000000001,0.948160535117057,-0.22488529174100208,12.368421052631579,9.791666666666666,Bajo,Bajo,True,False,False,False,True,False,False,False,False,True,False,False,True,True,False,16269.22797051501
0,122.0,peugot,diesel,turbo,4.0,wagon,rwd,front,114.2,198.9,68.4,58.7,3485,l,4,152,idi,3.7,3.52,21.0,95,4150.0,25,25,17075.0,0.9557904853435849,0.9500000000000001,0.9816053511705687,-0.22488529174100208,9.4,9.4,Bajo,Bajo,True,False,False,True,False,False,False,False,False,True,False,False,True,True,False,18109.941279850827
0,161.0,peugot,gas,std,4.0,sedan,rwd,front,107.9,186.7,68.4,56.7,3075,l,4,120,mpfi,3.46,3.19,8.4,97,5000.0,19,24,16630.0,0.897164824603556,0.9500000000000001,0.948160535117057,-0.17136019566055047,12.368421052631579,9.791666666666666,Bajo,Bajo,True,False,False,False,True,False,False,False,True,False,False,False,True,True,False,15612.247428484767
0,161.0,peugot,diesel,turbo,4.0,sedan,rwd,front,107.9,186.7,68.4,56.7,3252,l,4,152,idi,3.7,3.52,21.0,95,4150.0,28,33,17950.0,0.897164824603556,0.9500000000000001,0.948160535117057,-0.22488529174100208,8.392857142857142,7.121212121212121,Bajo,Bajo,True,False,False,True,False,False,False,False,True,False,False,False,True,True,False,16744.198054250384
0,161.0,peugot,gas,turbo,4.0,sedan,rwd,front,108.0,186.7,68.3,56.0,3130,l,4,134,mpfi,3.61,3.21,7.0,142,5600.0,18,24,18150.0,0.897164824603556,0.9486111111111111,0.9364548494983278,1.0329544661496113,13.055555555555555,9.791666666666666,Medio,Bajo,True,False,False,False,True,False,False,False,True,False,False,False,True,True,False,18284.259543590593
1,119.0,plymouth,gas,std,2.0,hatchback,fwd,front,93.7,157.3,63.8,50.8,1918,ohc,4,90,2bbl,2.97,3.23,9.4,68,5500.0,37,41,5572.0,0.7558865929841423,0.8861111111111111,0.8494983277591973,-0.947474088827099,6.351351351351352,5.7317073170731705,Bajo,Bajo,True,False,False,False,True,False,False,True,False,False,False,True,False,True,False,4956.215837009931
1,119.0,plymouth,gas,turbo,2.0,hatchback,fwd,front,93.7,157.3,63.8,50.8,2128,ohc,4,98,spdi,3.03,3.39,7.6,102,5500.0,24,30,7957.0,0.7558865929841423,0.8861111111111111,0.8494983277591973,-0.03754745545942139,9.791666666666666,7.833333333333333,Bajo,Bajo,True,False,False,False,True,False,False,True,False,False,False,True,False,True,False,9026.588334984805
1,154.0,plymouth,gas,std,4.0,hatchback,fwd,front,93.7,157.3,63.8,50.6,1967,ohc,4,90,2bbl,2.97,3.23,9.4,68,5500.0,31,38,6229.0,0.7558865929841423,0.8861111111111111,0.8461538461538463,-0.947474088827099,7.580645161290323,6.184210526315789,Bajo,Bajo,True,False,False,False,True,False,False,True,False,False,False,True,False,True,False,5847.1478359815155
1,154.0,plymouth,gas,std,4.0,sedan,fwd,front,93.7,167.3,63.8,50.8,1989,ohc,4,90,2bbl,2.97,3.23,9.4,68,5500.0,31,38,6692.0,0.8039404132628545,0.8861111111111111,0.8494983277591973,-0.947474088827099,7.580645161290323,6.184210526315789,Bajo,Bajo,True,False,False,False,True,False,False,False,True,False,False,True,False,True,False,5919.6786910889605
1,154.0,plymouth,gas,std,4.0,sedan,fwd,front,93.7,167.3,63.8,50.8,2191,ohc,4,98,2bbl,2.97,3.23,9.4,68,5500.0,31,38,7609.0,0.8039404132628545,0.8861111111111111,0.8494983277591973,-0.947474088827099,7.580645161290323,6.184210526315789,Bajo,Bajo,True,False,False,False,True,False,False,False,True,False,False,True,False,True,False,7321.298103769212
-1,74.0,plymouth,gas,std,4.0,wagon,fwd,front,103.3,174.6,64.6,59.8,2535,ohc,4,122,2bbl,3.35,3.46,8.5,88,5000.0,24,30,8921.0,0.8390197020663143,0.8972222222222221,1.0,-0.41222312802258276,9.791666666666666,7.833333333333333,Bajo,Bajo,True,False,False,False,True,False,False,False,False,True,False,True,False,True,False,12327.855950222507
3,122.0,plymouth,gas,turbo,2.0,hatchback,rwd,front,95.9,173.2,66.3,50.2,2818,ohc,4,156,spdi,3.59,3.86,7.0,145,5000.0,19,24,12764.0,0.8322921672272945,0.9208333333333333,0.8394648829431439,1.1132421102702885,12.368421052631579,9.791666666666666,Medio,Bajo,True,False,False,False,True,False,False,True,False,False,False,False,True,True,False,18924.02598983094
3,186.0,porsche,gas,std,2.0,hatchback,rwd,front,94.5,168.9,68.3,50.2,2778,ohc,4,151,mpfi,3.94,3.11,9.5,143,5500.0,19,27,22018.0,0.8116290245074483,0.9486111111111111,0.8394648829431439,1.059717014189837,12.368421052631579,8.703703703703704,Medio,Medio,False,True,False,False,True,False,False,True,False,False,False,False,True,True,False,18297.008338956653
3,122.0,porsche,gas,std,2.0,hardtop,rwd,rear,89.5,168.9,65.0,51.6,2756,ohcf,6,194,mpfi,3.74,2.9,9.5,207,5900.0,17,25,32528.0,0.8116290245074483,0.9027777777777778,0.8628762541806021,2.772520088764289,13.823529411764707,9.4,Alto,Alto,False,False,True,False,True,False,True,False,False,False,False,False,True,False,True,24173.4915408379
3,122.0,porsche,gas,std,2.0,hardtop,rwd,rear,89.5,168.9,65.0,51.6,2756,ohcf,6,194,mpfi,3.74,2.9,9.5,207,5900.0,17,25,34028.0,0.8116290245074483,0.9027777777777778,0.8628762541806021,2.772520088764289,13.823529411764707,9.4,Alto,Alto,False,False,True,False,True,False,True,False,False,False,False,False,True,False,True,24173.4915408379
3,122.0,porsche,gas,std,2.0,convertible,rwd,rear,89.5,168.9,65.0,51.6,2800,ohcf,6,194,mpfi,3.74,2.9,9.5,207,5900.0,17,25,37028.0,0.8116290245074483,0.9027777777777778,0.8628762541806021,2.772520088764289,13.823529411764707,9.4,Alto,Alto,False,False,True,False,True,True,False,False,False,False,False,False,True,False,True,24318.55325105279
0,122.0,renault,gas,std,4.0,wagon,fwd,front,96.1,181.5,66.5,55.2,2579,ohc,4,132,mpfi,3.46,3.9,8.7,104,5125.369458128079,23,31,9295.0,0.8721768380586257,0.9236111111111112,0.9230769230769231,0.01597764062103024,10.217391304347826,7.580645161290323,Bajo,Bajo,True,False,False,False,True,False,False,False,False,True,False,True,False,True,False,13927.959382670782
2,122.0,renault,gas,std,2.0,hatchback,fwd,front,96.1,176.8,66.6,50.5,2460,ohc,4,132,mpfi,3.46,3.9,8.7,104,5125.369458128079,23,31,9895.0,0.849591542527631,0.9249999999999999,0.8444816053511706,0.01597764062103024,10.217391304347826,7.580645161290323,Bajo,Bajo,True,False,False,False,True,False,False,True,False,False,False,True,False,True,False,13535.633393680513
3,150.0,saab,gas,std,2.0,hatchback,fwd,front,99.1,186.6,66.5,56.1,2658,ohc,4,121,mpfi,3.54,3.07,9.31,110,5250.0,21,28,11850.0,0.8966842864007688,0.9236111111111112,0.9381270903010034,0.17655292886238513,11.19047619047619,8.392857142857142,Bajo,Bajo,True,False,False,False,True,False,False,True,False,False,False,True,False,True,False,13860.332423176344
2,104.0,saab,gas,std,4.0,sedan,fwd,front,99.1,186.6,66.5,56.1,2695,ohc,4,121,mpfi,3.54,3.07,9.3,110,5250.0,21,28,12170.0,0.8966842864007688,0.9236111111111112,0.9381270903010034,0.17655292886238513,11.19047619047619,8.392857142857142,Bajo,Bajo,True,False,False,False,True,False,False,False,True,False,False,True,False,True,False,13982.316134038865
3,150.0,saab,gas,std,2.0,hatchback,fwd,front,99.1,186.6,66.5,56.1,2707,ohc,4,121,mpfi,2.54,2.07,9.3,110,5250.0,21,28,15040.0,0.8966842864007688,0.9236111111111112,0.9381270903010034,0.17655292886238513,11.19047619047619,8.392857142857142,Bajo,Bajo,True,False,False,False,True,False,False,True,False,False,False,True,False,True,False,14021.878418642922
2,104.0,saab,gas,std,4.0,sedan,fwd,front,99.1,186.6,66.5,56.1,2758,ohc,4,121,mpfi,3.54,3.07,9.3,110,5250.0,21,28,15510.0,0.8966842864007688,0.9236111111111112,0.9381270903010034,0.17655292886238513,11.19047619047619,8.392857142857142,Bajo,Bajo,True,False,False,False,True,False,False,False,True,False,False,True,False,True,False,14190.01812821018
3,150.0,saab,gas,turbo,2.0,hatchback,fwd,front,99.1,186.6,66.5,56.1,2808,dohc,4,121,mpfi,3.54,3.07,9.0,160,5500.0,19,26,18150.0,0.8966842864007688,0.9236111111111112,0.9381270903010034,1.5146803308736758,12.368421052631579,9.038461538461538,Medio,Bajo,True,False,False,False,True,False,False,True,False,False,False,True,False,True,False,15937.765696144128
2,104.0,saab,gas,turbo,4.0,sedan,fwd,front,99.1,186.6,66.5,56.1,2847,dohc,4,121,mpfi,3.54,3.07,9.0,160,5500.0,19,26,18620.0,0.8966842864007688,0.9236111111111112,0.9381270903010034,1.5146803308736758,12.368421052631579,9.038461538461538,Medio,Medio,False,True,False,False,True,False,False,False,True,False,False,True,False,True,False,16066.343121107322
2,83.0,subaru,gas,std,2.0,hatchback,fwd,front,93.7,156.9,63.4,53.7,2050,ohcf,4,97,2bbl,3.62,2.36,9.0,69,4900.0,31,36,5118.0,0.7539644401729938,0.8805555555555555,0.8979933110367894,-0.9207115407868732,7.580645161290323,6.527777777777778,Bajo,Bajo,True,False,False,False,True,False,False,True,False,False,False,True,False,True,False,6782.164192877921
2,83.0,subaru,gas,std,2.0,hatchback,fwd,front,93.7,157.9,63.6,53.7,2120,ohcf,4,108,2bbl,3.62,2.64,8.7,73,4400.0,26,31,7053.0,0.758769822200865,0.8833333333333333,0.8979933110367894,-0.81366134862597,9.038461538461538,7.580645161290323,Bajo,Bajo,True,False,False,False,True,False,False,True,False,False,False,True,False,True,False,8960.164701523165
2,83.0,subaru,gas,std,2.0,hatchback,4wd,front,93.3,157.3,63.8,55.7,2240,ohcf,4,108,2bbl,3.62,2.64,8.7,73,4400.0,26,31,7603.0,0.7558865929841423,0.8861111111111111,0.931438127090301,-0.81366134862597,9.038461538461538,7.580645161290323,Bajo,Bajo,True,False,False,False,True,False,False,True,False,False,True,False,False,True,False,9355.78754756377
0,102.0,subaru,gas,std,4.0,sedan,fwd,front,97.2,172.0,65.4,52.5,2145,ohcf,4,108,2bbl,3.62,2.64,9.5,82,4800.0,32,37,7126.0,0.8265257087938491,0.9083333333333334,0.8779264214046824,-0.5727984162639377,7.34375,6.351351351351352,Bajo,Bajo,True,False,False,False,True,False,False,False,True,False,False,True,False,True,False,8196.167848787121
0,102.0,subaru,gas,std,4.0,sedan,fwd,front,97.2,172.0,65.4,52.5,2190,ohcf,4,108,2bbl,3.62,2.64,9.5,82,4400.0,28,33,7775.0,0.8265257087938491,0.9083333333333334,0.8779264214046824,-0.5727984162639377,8.392857142857142,7.121212121212121,Bajo,Bajo,True,False,False,False,True,False,False,False,True,False,False,True,False,True,False,8967.000929460268
0,102.0,subaru,gas,std,4.0,sedan,fwd,front,97.2,172.0,65.4,52.5,2340,ohcf,4,108,mpfi,3.62,2.64,9.0,94,5200.0,26,32,9960.0,0.8265257087938491,0.9083333333333334,0.8779264214046824,-0.2516478397812279,9.038461538461538,7.34375,Bajo,Bajo,True,False,False,False,True,False,False,False,True,False,False,True,False,True,False,10056.747357276181
0,102.0,subaru,gas,std,4.0,sedan,4wd,front,97.0,172.0,65.4,54.3,2385,ohcf,4,108,2bbl,3.62,2.64,9.0,82,4800.0,24,25,9233.0,0.8265257087938491,0.9083333333333334,0.9080267558528428,-0.5727984162639377,9.791666666666666,9.4,Bajo,Bajo,True,False,False,False,True,False,False,False,True,False,True,False,False,True,False,10439.854072153477
0,102.0,subaru,gas,turbo,4.0,sedan,4wd,front,97.0,172.0,65.4,54.3,2510,ohcf,4,108,mpfi,3.62,2.64,7.7,111,4800.0,24,29,11259.0,0.8265257087938491,0.9083333333333334,0.9080267558528428,0.20331547690261095,9.791666666666666,8.10344827586207,Bajo,Bajo,True,False,False,False,True,False,False,False,True,False,True,False,False,True,False,11364.673062287617
0,89.0,subaru,gas,std,4.0,wagon,fwd,front,97.0,173.5,65.4,53.0,2290,ohcf,4,108,2bbl,3.62,2.64,9.0,82,4800.0,28,32,7463.0,0.8337337818356559,0.9083333333333334,0.8862876254180603,-0.5727984162639377,8.392857142857142,7.34375,Bajo,Bajo,True,False,False,False,True,False,False,False,False,True,False,True,False,True,False,9296.686634494105
0,89.0,subaru,gas,std,4.0,wagon,fwd,front,97.0,173.5,65.4,53.0,2455,ohcf,4,108,mpfi,3.62,2.64,9.0,94,5200.0,25,31,10198.0,0.8337337818356559,0.9083333333333334,0.8862876254180603,-0.2516478397812279,9.4,7.580645161290323,Bajo,Bajo,True,False,False,False,True,False,False,False,False,True,False,True,False,True,False,10650.40021191644
0,85.0,subaru,gas,std,4.0,wagon,4wd,front,96.9,173.6,65.4,54.9,2420,ohcf,4,108,2bbl,3.62,2.64,9.0,82,4800.0,23,29,8013.0,0.8342143200384431,0.9083333333333334,0.9180602006688964,-0.5727984162639377,10.217391304347826,8.10344827586207,Bajo,Bajo,True,False,False,False,True,False,False,False,False,True,True,False,False,True,False,10807.842422182297
0,85.0,subaru,gas,turbo,4.0,wagon,4wd,front,96.9,173.6,65.4,54.9,2650,ohcf,4,108,mpfi,3.62,2.64,7.7,111,4800.0,23,23,11694.0,0.8342143200384431,0.9083333333333334,0.9180602006688964,0.20331547690261095,10.217391304347826,10.217391304347826,Bajo,Bajo,True,False,False,False,True,False,False,False,False,True,True,False,False,True,False,12078.831402601969
1,87.0,toyota,gas,std,2.0,hatchback,fwd,front,95.7,158.7,63.6,54.5,1985,ohc,4,92,2bbl,3.05,3.03,9.0,62,4800.0,35,39,5348.0,0.762614127823162,0.8833333333333333,0.911371237458194,-1.1080493770684539,6.714285714285714,6.0256410256410255,Bajo,Bajo,True,False,False,False,True,False,False,True,False,False,False,True,False,True,False,5470.283050256268
1,87.0,toyota,gas,std,2.0,hatchback,fwd,front,95.7,158.7,63.6,54.5,2040,ohc,4,92,2bbl,3.05,3.03,9.0,62,4800.0,31,38,6338.0,0.762614127823162,0.8833333333333333,0.911371237458194,-1.1080493770684539,7.580645161290323,6.184210526315789,Bajo,Bajo,True,False,False,False,True,False,False,True,False,False,False,True,False,True,False,6165.6536571617435
1,74.0,toyota,gas,std,4.0,hatchback,fwd,front,95.7,158.7,63.6,54.5,2015,ohc,4,92,2bbl,3.05,3.03,9.0,62,4800.0,31,38,6488.0,0.762614127823162,0.8833333333333333,0.911371237458194,-1.1080493770684539,7.580645161290323,6.184210526315789,Bajo,Bajo,True,False,False,False,True,False,False,True,False,False,False,True,False,True,False,6083.2322309032825
0,77.0,toyota,gas,std,4.0,wagon,fwd,front,95.7,169.7,63.6,59.1,2280,ohc,4,92,2bbl,3.05,3.03,9.0,62,4800.0,31,37,6918.0,0.8154733301297453,0.8833333333333333,0.988294314381271,-1.1080493770684539,7.580645161290323,6.351351351351352,Bajo,Bajo,True,False,False,False,True,False,False,False,False,True,False,True,False,True,False,6956.8993492429545
0,81.0,toyota,gas,std,4.0,wagon,4wd,front,95.7,169.7,63.6,59.1,2290,ohc,4,92,2bbl,3.05,3.03,9.0,62,4800.0,27,32,7898.0,0.8154733301297453,0.8833333333333333,0.988294314381271,-1.1080493770684539,8.703703703703704,7.34375,Bajo,Bajo,True,False,False,False,True,False,False,False,False,True,True,False,False,True,False,7656.220564923748
0,91.0,toyota,gas,std,4.0,wagon,4wd,front,95.7,169.7,63.6,59.1,3110,ohc,4,92,2bbl,3.05,3.03,9.0,62,4800.0,27,32,8778.0,0.8154733301297453,0.8833333333333333,0.988294314381271,-1.1080493770684539,8.703703703703704,7.34375,Bajo,Bajo,True,False,False,False,True,False,False,False,False,True,True,False,False,True,False,10359.643346201225
0,91.0,toyota,gas,std,4.0,sedan,fwd,front,95.7,166.3,64.4,53.0,2081,ohc,4,98,2bbl,3.19,3.03,9.0,70,4800.0,30,37,6938.0,0.7991350312349833,0.8944444444444445,0.8862876254180603,-0.8939489927466474,7.833333333333333,6.351351351351352,Bajo,Bajo,True,False,False,False,True,False,False,False,True,False,False,True,False,True,False,7143.932611937726
0,91.0,toyota,gas,std,4.0,hatchback,fwd,front,95.7,166.3,64.4,52.8,2109,ohc,4,98,2bbl,3.19,3.03,9.0,70,4800.0,30,37,7198.0,0.7991350312349833,0.8944444444444445,0.882943143812709,-0.8939489927466474,7.833333333333333,6.351351351351352,Bajo,Bajo,True,False,False,False,True,False,False,True,False,False,False,True,False,True,False,7236.244609347199
0,91.0,toyota,diesel,std,4.0,sedan,fwd,front,95.7,166.3,64.4,53.0,2275,ohc,4,110,idi,3.27,3.35,22.5,56,4500.0,34,36,7898.0,0.7991350312349833,0.8944444444444445,0.8862876254180603,-1.2686246653098088,6.911764705882353,6.527777777777778,Bajo,Bajo,True,False,False,True,False,False,False,False,True,False,False,True,False,True,False,8092.687101495798
0,91.0,toyota,diesel,std,4.0,hatchback,fwd,front,95.7,166.3,64.4,52.8,2275,ohc,4,110,idi,3.27,3.35,22.5,56,4500.0,38,47,7788.0,0.7991350312349833,0.8944444444444445,0.882943143812709,-1.2686246653098088,6.184210526315789,5.0,Bajo,Bajo,True,False,False,True,False,False,False,True,False,False,False,True,False,True,False,7661.001990030247
0,91.0,toyota,gas,std,4.0,sedan,fwd,front,95.7,166.3,64.4,53.0,2094,ohc,4,98,2bbl,3.19,3.03,9.0,70,4800.0,38,47,7738.0,0.7991350312349833,0.8944444444444445,0.8862876254180603,-0.8939489927466474,6.184210526315789,5.0,Bajo,Bajo,True,False,False,False,True,False,False,False,True,False,False,True,False,True,False,6208.305500936873
0,91.0,toyota,gas,std,4.0,hatchback,fwd,front,95.7,166.3,64.4,52.8,2122,ohc,4,98,2bbl,3.19,3.03,9.0,70,4800.0,28,34,8358.0,0.7991350312349833,0.8944444444444445,0.882943143812709,-0.8939489927466474,8.392857142857142,6.911764705882353,Bajo,Bajo,True,False,False,False,True,False,False,True,False,False,False,True,False,True,False,7611.090158152485
0,91.0,toyota,gas,std,4.0,sedan,fwd,front,95.7,166.3,64.4,52.8,2140,ohc,4,98,2bbl,3.19,3.03,9.0,70,4800.0,28,34,9258.0,0.7991350312349833,0.8944444444444445,0.882943143812709,-0.8939489927466474,8.392857142857142,6.911764705882353,Bajo,Bajo,True,False,False,False,True,False,False,False,True,False,False,True,False,True,False,7670.433585058578
1,168.0,toyota,gas,std,2.0,sedan,rwd,front,94.5,168.7,64.0,52.6,2169,ohc,4,98,2bbl,3.19,3.03,9.0,70,4800.0,29,34,8058.0,0.810667948101874,0.8888888888888888,0.8795986622073579,-0.8939489927466474,8.10344827586207,6.911764705882353,Bajo,Bajo,True,False,False,False,True,False,False,False,True,False,False,False,True,True,False,7594.32533237138
1,168.0,toyota,gas,std,2.0,hatchback,rwd,front,94.5,168.7,64.0,52.6,2204,ohc,4,98,2bbl,3.19,3.03,9.0,70,4800.0,29,34,8238.0,0.810667948101874,0.8888888888888888,0.8795986622073579,-0.8939489927466474,8.10344827586207,6.911764705882353,Bajo,Bajo,True,False,False,False,True,False,False,True,False,False,False,False,True,True,False,7709.7153291332215
1,168.0,toyota,gas,std,2.0,sedan,rwd,front,94.5,168.7,64.0,52.6,2265,dohc,4,98,mpfi,3.24,3.08,9.4,112,6600.0,26,29,9298.0,0.810667948101874,0.8888888888888888,0.8795986622073579,0.23007802494283675,9.038461538461538,8.10344827586207,Bajo,Bajo,True,False,False,False,True,False,False,False,True,False,False,False,True,True,False,9208.150164728278
1,168.0,toyota,gas,std,2.0,hatchback,rwd,front,94.5,168.7,64.0,52.6,2300,dohc,4,98,mpfi,3.24,3.08,9.4,112,6600.0,26,29,9538.0,0.810667948101874,0.8888888888888888,0.8795986622073579,0.23007802494283675,9.038461538461538,8.10344827586207,Bajo,Bajo,True,False,False,False,True,False,False,True,False,False,False,False,True,True,False,9323.540161490124
2,134.0,toyota,gas,std,2.0,hardtop,rwd,front,98.4,176.2,65.6,52.0,2540,ohc,4,146,mpfi,3.62,3.5,9.3,116,4800.0,24,30,8449.0,0.8467083133109082,0.911111111111111,0.8695652173913044,0.33712821710374,9.791666666666666,7.833333333333333,Bajo,Bajo,True,False,False,False,True,False,True,False,False,False,False,False,True,True,False,15046.335240581324
2,134.0,toyota,gas,std,2.0,hardtop,rwd,front,98.4,176.2,65.6,52.0,2536,ohc,4,146,mpfi,3.62,3.5,9.3,116,4800.0,24,30,9639.0,0.8467083133109082,0.911111111111111,0.8695652173913044,0.33712821710374,9.791666666666666,7.833333333333333,Bajo,Bajo,True,False,False,False,True,False,True,False,False,False,False,False,True,True,False,15033.147812379972
2,134.0,toyota,gas,std,2.0,hatchback,rwd,front,98.4,176.2,65.6,52.0,2551,ohc,4,146,mpfi,3.62,3.5,9.3,116,4800.0,24,30,9989.0,0.8467083133109082,0.911111111111111,0.8695652173913044,0.33712821710374,9.791666666666666,7.833333333333333,Bajo,Bajo,True,False,False,False,True,False,False,True,False,False,False,False,True,True,False,15082.600668135048
2,134.0,toyota,gas,std,2.0,hardtop,rwd,front,98.4,176.2,65.6,52.0,2679,ohc,4,146,mpfi,3.62,3.5,9.3,116,4800.0,24,30,11199.0,0.8467083133109082,0.911111111111111,0.8695652173913044,0.33712821710374,9.791666666666666,7.833333333333333,Bajo,Bajo,True,False,False,False,True,False,True,False,False,False,False,False,True,True,False,15504.598370578362
2,134.0,toyota,gas,std,2.0,hatchback,rwd,front,98.4,176.2,65.6,52.0,2714,ohc,4,146,mpfi,3.62,3.5,9.3,116,4800.0,24,30,11549.0,0.8467083133109082,0.911111111111111,0.8695652173913044,0.33712821710374,9.791666666666666,7.833333333333333,Bajo,Bajo,True,False,False,False,True,False,False,True,False,False,False,False,True,True,False,15619.988367340204
2,134.0,toyota,gas,std,2.0,convertible,rwd,front,98.4,176.2,65.6,53.0,2975,ohc,4,146,mpfi,3.62,3.5,9.3,116,4800.0,24,30,17669.0,0.8467083133109082,0.911111111111111,0.8862876254180603,0.33712821710374,9.791666666666666,7.833333333333333,Bajo,Bajo,True,False,False,False,True,True,False,False,False,False,False,False,True,True,False,16480.468057478523
-1,65.0,toyota,gas,std,4.0,sedan,fwd,front,102.4,175.6,66.5,54.9,2326,ohc,4,122,mpfi,3.31,3.54,8.7,92,4200.0,29,34,8948.0,0.8438250840941854,0.9236111111111112,0.9180602006688964,-0.30517293586167954,8.10344827586207,6.911764705882353,Bajo,Bajo,True,False,False,False,True,False,False,False,True,False,False,True,False,True,False,10707.848578759185
-1,65.0,toyota,diesel,turbo,4.0,sedan,fwd,front,102.4,175.6,66.5,54.9,2480,ohc,4,110,idi,3.27,3.35,22.5,73,4500.0,30,33,10698.0,0.8438250840941854,0.9236111111111112,0.9180602006688964,-0.81366134862597,7.833333333333333,7.121212121212121,Bajo,Bajo,True,False,False,True,False,False,False,False,True,False,False,True,False,True,False,9615.899165601808
-1,65.0,toyota,gas,std,4.0,hatchback,fwd,front,102.4,175.6,66.5,53.9,2414,ohc,4,122,mpfi,3.31,3.54,8.7,92,4200.0,27,32,9988.0,0.8438250840941854,0.9236111111111112,0.9013377926421405,-0.30517293586167954,8.703703703703704,7.34375,Bajo,Bajo,True,False,False,False,True,False,False,True,False,False,False,True,False,True,False,11354.125999197578
-1,65.0,toyota,gas,std,4.0,sedan,fwd,front,102.4,175.6,66.5,54.9,2414,ohc,4,122,mpfi,3.31,3.54,8.7,92,4200.0,27,32,10898.0,0.8438250840941854,0.9236111111111112,0.9180602006688964,-0.30517293586167954,8.703703703703704,7.34375,Bajo,Bajo,True,False,False,False,True,False,False,False,True,False,False,True,False,True,False,11354.125999197578
-1,65.0,toyota,gas,std,4.0,hatchback,fwd,front,102.4,175.6,66.5,53.9,2458,ohc,4,122,mpfi,3.31,3.54,8.7,92,4200.0,27,32,11248.0,0.8438250840941854,0.9236111111111112,0.9013377926421405,-0.30517293586167954,8.703703703703704,7.34375,Bajo,Bajo,True,False,False,False,True,False,False,True,False,False,False,True,False,True,False,11499.187709412468
3,197.0,toyota,gas,std,2.0,hatchback,rwd,front,102.9,183.5,67.7,52.0,2976,dohc,6,171,mpfi,3.27,3.35,9.3,161,5200.0,20,24,16558.0,0.8817876021143681,0.9402777777777778,0.8695652173913044,1.5414428789139016,11.75,9.791666666666666,Medio,Bajo,True,False,False,False,True,False,False,True,False,False,False,False,True,True,False,20740.224358325027
3,197.0,toyota,gas,std,2.0,hatchback,rwd,front,102.9,183.5,67.7,52.0,3016,dohc,6,171,mpfi,3.27,3.35,9.3,161,5200.0,19,24,15998.0,0.8817876021143681,0.9402777777777778,0.8695652173913044,1.5414428789139016,12.368421052631579,9.791666666666666,Medio,Bajo,True,False,False,False,True,False,False,True,False,False,False,False,True,True,False,21239.030985084286
-1,90.0,toyota,gas,std,4.0,sedan,rwd,front,104.5,187.8,66.5,54.1,3131,dohc,6,171,mpfi,3.27,3.35,9.2,156,5200.0,20,24,15690.0,0.9024507448342144,0.9236111111111112,0.9046822742474917,1.4076301387127725,11.75,9.791666666666666,Medio,Bajo,True,False,False,False,True,False,False,False,True,False,False,False,True,True,False,21162.838604775436
-1,122.0,toyota,gas,std,4.0,wagon,rwd,front,104.5,187.8,66.5,54.1,3151,dohc,6,161,mpfi,3.27,3.35,9.2,156,5200.0,19,24,15750.0,0.9024507448342144,0.9236111111111112,0.9046822742474917,1.4076301387127725,12.368421052631579,9.791666666666666,Medio,Bajo,True,False,False,False,True,False,False,False,False,True,False,False,True,True,False,20676.140229888053
2,122.0,volkswagen,diesel,std,2.0,sedan,fwd,front,97.3,171.7,65.5,55.7,2261,ohc,4,97,idi,3.01,3.4,23.0,52,4800.0,37,46,7775.0,0.8250840941854877,0.9097222222222222,0.931438127090301,-1.375674857470712,6.351351351351352,5.108695652173913,Bajo,Bajo,True,False,False,True,False,False,False,False,True,False,False,True,False,True,False,6447.859799397374
2,122.0,volkswagen,gas,std,2.0,sedan,fwd,front,97.3,171.7,65.5,55.7,2209,ohc,4,109,mpfi,3.19,3.4,9.0,85,5250.0,27,34,7975.0,0.8250840941854877,0.9097222222222222,0.931438127090301,-0.4925107721432602,8.703703703703704,6.911764705882353,Bajo,Bajo,True,False,False,False,True,False,False,False,True,False,False,True,False,True,False,9359.074050153515
2,94.0,volkswagen,diesel,std,4.0,sedan,fwd,front,97.3,171.7,65.5,55.7,2264,ohc,4,97,idi,3.01,3.4,23.0,52,4800.0,37,46,7995.0,0.8250840941854877,0.9097222222222222,0.931438127090301,-1.375674857470712,6.351351351351352,5.108695652173913,Bajo,Bajo,True,False,False,True,False,False,False,False,True,False,False,True,False,True,False,6457.7503705483905
2,94.0,volkswagen,gas,std,4.0,sedan,fwd,front,97.3,171.7,65.5,55.7,2212,ohc,4,109,mpfi,3.19,3.4,9.0,85,5250.0,27,34,8195.0,0.8250840941854877,0.9097222222222222,0.931438127090301,-0.4925107721432602,8.703703703703704,6.911764705882353,Bajo,Bajo,True,False,False,False,True,False,False,False,True,False,False,True,False,True,False,9368.964621304527
2,94.0,volkswagen,gas,std,4.0,sedan,fwd,front,97.3,171.7,65.5,55.7,2275,ohc,4,109,mpfi,3.19,3.4,9.0,85,5250.0,27,34,8495.0,0.8250840941854877,0.9097222222222222,0.931438127090301,-0.4925107721432602,8.703703703703704,6.911764705882353,Bajo,Bajo,True,False,False,False,True,False,False,False,True,False,False,True,False,True,False,9576.666615475846
2,94.0,volkswagen,diesel,turbo,4.0,sedan,fwd,front,97.3,171.7,65.5,55.7,2319,ohc,4,97,idi,3.01,3.4,23.0,68,4500.0,37,42,9495.0,0.8250840941854877,0.9097222222222222,0.931438127090301,-0.947474088827099,6.351351351351352,5.595238095238095,Bajo,Bajo,True,False,False,True,False,False,False,False,True,False,False,True,False,True,False,6921.9530166435325
2,94.0,volkswagen,gas,std,4.0,sedan,fwd,front,97.3,171.7,65.5,55.7,2300,ohc,4,109,mpfi,3.19,3.4,10.0,100,5500.0,26,32,9995.0,0.8250840941854877,0.9097222222222222,0.931438127090301,-0.09107255153987302,9.038461538461538,7.34375,Bajo,Bajo,True,False,False,False,True,False,False,False,True,False,False,True,False,True,False,10122.908176949084
3,122.0,volkswagen,gas,std,2.0,convertible,fwd,front,94.5,159.3,64.2,55.6,2254,ohc,4,109,mpfi,3.19,3.4,8.5,90,5500.0,24,29,11595.0,0.7654973570398848,0.8916666666666667,0.9297658862876255,-0.3586980319421312,9.791666666666666,8.10344827586207,Bajo,Bajo,True,False,False,False,True,True,False,False,False,False,False,True,False,True,False,10241.360338786399
3,256.0,volkswagen,gas,std,2.0,hatchback,fwd,front,94.5,165.7,64.0,51.4,2221,ohc,4,109,mpfi,3.19,3.4,8.5,90,5500.0,24,29,9980.0,0.7962518020182604,0.8888888888888888,0.8595317725752508,-0.3586980319421312,9.791666666666666,8.10344827586207,Bajo,Bajo,True,False,False,False,True,False,False,True,False,False,False,True,False,True,False,10132.564056125233
0,122.0,volkswagen,gas,std,4.0,sedan,fwd,front,100.4,180.2,66.9,55.1,2661,ohc,5,136,mpfi,3.19,3.4,8.5,110,5500.0,19,24,13295.0,0.865929841422393,0.9291666666666667,0.9214046822742475,0.17655292886238513,12.368421052631579,9.791666666666666,Bajo,Bajo,True,False,False,False,True,False,False,False,True,False,False,True,False,True,False,15948.493537183778
0,122.0,volkswagen,diesel,turbo,4.0,sedan,fwd,front,100.4,180.2,66.9,55.1,2579,ohc,4,97,idi,3.01,3.4,23.0,68,4500.0,33,38,13845.0,0.865929841422393,0.9291666666666667,0.9214046822742475,-0.947474088827099,7.121212121212121,6.184210526315789,Bajo,Bajo,True,False,False,True,False,False,False,False,True,False,False,True,False,True,False,8235.923043845756
0,122.0,volkswagen,gas,std,4.0,wagon,fwd,front,100.4,183.1,66.9,55.1,2563,ohc,4,109,mpfi,3.19,3.4,9.0,88,5500.0,25,31,12290.0,0.8798654493032196,0.9291666666666667,0.9214046822742475,-0.41222312802258276,9.4,7.580645161290323,Bajo,Bajo,True,False,False,False,True,False,False,False,False,True,False,True,False,True,False,10992.339243794526
-2,103.0,volvo,gas,std,4.0,sedan,rwd,front,104.3,188.8,67.2,56.2,2912,ohc,4,141,mpfi,3.78,3.15,9.5,114,5400.0,23,28,12940.0,0.9072561268620856,0.9333333333333333,0.939799331103679,0.2836031210232884,10.217391304347826,8.392857142857142,Bajo,Bajo,True,False,False,False,True,False,False,False,True,False,False,False,True,True,False,16030.221047713432
-1,74.0,volvo,gas,std,4.0,wagon,rwd,front,104.3,188.8,67.2,57.5,3034,ohc,4,141,mpfi,3.78,3.15,9.5,114,5400.0,23,28,13415.0,0.9072561268620856,0.9333333333333333,0.9615384615384616,0.2836031210232884,10.217391304347826,8.392857142857142,Bajo,Bajo,True,False,False,False,True,False,False,False,False,True,False,False,True,True,False,16432.437607854717
-2,103.0,volvo,gas,std,4.0,sedan,rwd,front,104.3,188.8,67.2,56.2,2935,ohc,4,141,mpfi,3.78,3.15,9.5,114,5400.0,24,28,15985.0,0.9072561268620856,0.9333333333333333,0.939799331103679,0.2836031210232884,9.791666666666666,8.392857142857142,Bajo,Bajo,True,False,False,False,True,False,False,False,True,False,False,False,True,True,False,15853.450406604232
-1,74.0,volvo,gas,std,4.0,wagon,rwd,front,104.3,188.8,67.2,57.5,3042,ohc,4,141,mpfi,3.78,3.15,9.5,114,5400.0,24,28,16515.0,0.9072561268620856,0.9333333333333333,0.9615384615384616,0.2836031210232884,9.791666666666666,8.392857142857142,Bajo,Bajo,True,False,False,False,True,False,False,False,False,True,False,False,True,True,False,16206.214110990437
-2,103.0,volvo,gas,turbo,4.0,sedan,rwd,front,104.3,188.8,67.2,56.2,3045,ohc,4,130,mpfi,3.62,3.15,7.5,162,5100.0,17,22,18420.0,0.9072561268620856,0.9333333333333333,0.939799331103679,1.5682054269541275,13.823529411764707,10.681818181818182,Medio,Bajo,True,False,False,False,True,False,False,False,True,False,False,False,True,True,False,18445.46155312213
-1,74.0,volvo,gas,turbo,4.0,wagon,rwd,front,104.3,188.8,67.2,57.5,3157,ohc,4,130,mpfi,3.62,3.15,7.5,162,5100.0,17,22,18950.0,0.9072561268620856,0.9333333333333333,0.9615384615384616,1.5682054269541275,13.823529411764707,10.681818181818182,Medio,Medio,False,True,False,False,True,False,False,False,False,True,False,False,True,True,False,18814.709542760032
-1,95.0,volvo,gas,std,4.0,sedan,rwd,front,109.1,188.8,68.9,55.5,2952,ohc,4,141,mpfi,3.78,3.15,9.5,114,5400.0,23,28,16845.0,0.9072561268620856,0.9569444444444445,0.9280936454849499,0.2836031210232884,10.217391304347826,8.392857142857142,Bajo,Bajo,True,False,False,False,True,False,False,False,True,False,False,False,True,True,False,16162.09532972697
-1,95.0,volvo,gas,turbo,4.0,sedan,rwd,front,109.1,188.8,68.8,55.5,3049,ohc,4,141,mpfi,3.78,3.15,8.7,160,5300.0,19,25,19045.0,0.9072561268620856,0.9555555555555555,0.9280936454849499,1.5146803308736758,12.368421052631579,9.4,Medio,Medio,False,True,False,False,True,False,False,False,True,False,False,False,True,True,False,18571.443966555427
-1,95.0,volvo,gas,std,4.0,sedan,rwd,front,109.1,188.8,68.9,55.5,3012,ohcv,6,173,mpfi,3.58,2.87,8.8,134,5500.0,18,23,21485.0,0.9072561268620856,0.9569444444444445,0.9280936454849499,0.8188540818278046,13.055555555555555,10.217391304347826,Medio,Medio,False,True,False,False,True,False,False,False,True,False,False,False,True,True,False,21340.1073139829
-1,95.0,volvo,diesel,turbo,4.0,sedan,rwd,front,109.1,188.8,68.9,55.5,3217,ohc,6,145,idi,3.01,3.4,23.0,106,4800.0,26,27,22470.0,0.9072561268620856,0.9569444444444445,0.9280936454849499,0.06950273670148187,9.038461538461538,8.703703703703704,Bajo,Medio,False,True,False,True,False,False,False,False,True,False,False,False,True,True,False,16562.648706035376
-1,95.0,volvo,gas,turbo,4.0,sedan,rwd,front,109.1,188.8,68.9,55.5,3062,ohc,4,141,mpfi,3.78,3.15,9.5,114,5400.0,19,25,22625.0,0.9072561268620856,0.9569444444444445,0.9280936454849499,0.2836031210232884,12.368421052631579,9.4,Bajo,Medio,False,True,False,False,True,False,False,False,True,False,False,False,True,True,False,17801.036021771037
